Top queries,Clicks,Impressions,CTR,Position
mw climbing,4,1120,0.36%,5.23
indoorclimbinggym.com,3,25,12%,3.84
climbing gym,2,732,0.27%,11.89
indoor rock climbing,2,573,0.35%,14.88
climb lawrence,2,338,0.59%,5.94
the blok climbing co fort worth reviews,2,65,3.08%,7.26
butte climbing gym,2,18,11.11%,5
rock climbing gym,1,1878,0.05%,10.56
bouldering gym,1,323,0.31%,14.31
v scale to font,1,232,0.43%,4.08
climbing gyms,1,221,0.45%,12.9
indoor climbing gym,1,219,0.46%,12.35
milton rock gym,1,146,0.68%,8.14
rock climbing gyms,1,111,0.9%,13.57
cultivate climbing asheville,1,105,0.95%,9.31
climbing gyms near me,1,103,0.97%,17.67
gold crush climbing gym,1,99,1.01%,6.98
beyond the wall climbing,1,87,1.15%,6.77
apex climbing gym,1,78,1.28%,8.13
mw climbing lincoln,1,75,1.33%,5.12
fourth ascent climbing gym ellensburg,1,52,1.92%,5.56
greeley climbing collective,1,52,1.92%,10.79
hyperion hours,1,43,2.33%,7.21
rock climbing vestal,1,41,2.44%,11.02
indoor bouldering near me,1,39,2.56%,13.59
hyperion climbing reviews,1,36,2.78%,6.67
the pad climbing binghamton reviews,1,30,3.33%,7.37
redpoint climbing center bowling green reviews,1,29,3.45%,7.14
mw climbing gym,1,28,3.57%,5.04
davis climbing gym,1,28,3.57%,12.14
rock climbing tallahassee,1,27,3.7%,9.85
rock climbing el paso,1,27,3.7%,11.07
indoor climbing clothes,1,24,4.17%,39.92
indoor rock climbing omaha,1,23,4.35%,22.65
24 hour climbing gym,1,22,4.55%,8.5
indoor rock climbing charleston sc,1,22,4.55%,11.18
climbing gym athens ga,1,22,4.55%,11.32
pro climbing league tickets,1,19,5.26%,9.42
the spot climbing gym,1,16,6.25%,5.25
climbing gym charlotte nc,1,13,7.69%,12.69
appleton rock climbing gym,1,12,8.33%,9.08
randolph rock climbing,1,10,10%,33.9
the gravity vault princeton,1,9,11.11%,9.56
climbing gym riverside,1,9,11.11%,12.11
hyperion climbing day pass,1,8,12.5%,3.25
dino moves,1,8,12.5%,7.62
rock climbing westlake village,1,7,14.29%,10.29
climbing gym louisville co,1,7,14.29%,19.43
summit everett reviews,1,6,16.67%,9.17
rock climbing shoreline,1,5,20%,9.4
movement climbing gym locations,1,5,20%,10
rock climbing lake forest,1,5,20%,11
climbing gym cincinnati,1,5,20%,14.8
beyond the wall climbing gym,1,4,25%,9.75
climbnasium mechanicsburg pa,1,4,25%,10
climbing gym greensboro nc,1,4,25%,14
indoor.climbing gym,1,3,33.33%,10.67
bouldering climbing gym,1,3,33.33%,14.67
indoor rock climbing fresno,1,3,33.33%,16.33
las vegas indoor rock climbing,1,3,33.33%,24.67
las rocas,1,2,50%,1.5
is bouldering or top rope harder,1,2,50%,18
bouldering wear,1,2,50%,24
world climbing rebrand,1,1,100%,2
indoor gyms,1,1,100%,8
vital west harlem,1,1,100%,9
what is bouldering,0,833,0%,5.36
indoor rock climbing near me,0,592,0%,29.05
bouldering,0,498,0%,64.95
climbing wall near me,0,397,0%,37.42
indoor climbing,0,355,0%,11.54
climbing wall,0,317,0%,28.09
5.13a to french,0,247,0%,2.61
first ascent uptown,0,238,0%,8.8
rockzilla napa,0,209,0%,6.66
5.13d to french,0,199,0%,3.73
rock climbing near me,0,185,0%,42.89
hyperion climbing,0,175,0%,8.86
dogpatch boulders san francisco hours,0,159,0%,6.83
mw climbing omaha,0,158,0%,6.43
what to wear indoor rock climbing,0,153,0%,12.06
what to wear to a rock climbing gym,0,148,0%,13.2
gravity vault,0,139,0%,10.97
font to v scale,0,138,0%,8.98
climbing gym near me,0,137,0%,18.72
indoor bouldering gym,0,132,0%,14.1
indoor climbing center,0,131,0%,13.95
yds to french,0,129,0%,7.14
indoor bouldering,0,126,0%,13.19
climbing gym locker rooms,0,124,0%,9.41
beginner climbing gym,0,123,0%,15.49
grip bouldering,0,115,0%,7.71
rendezvous climbing gym,0,115,0%,9.1
"ninja logic, gym/physical fitness center, hanover",0,112,0%,10.25
indoor rock climbing prices,0,112,0%,13.58
rock climbing,0,112,0%,16.83
climbing gym day pass,0,111,0%,13.12
central rock gym,0,110,0%,9.95
indoor climbing facility,0,109,0%,13.63
climbing gym membership cost,0,104,0%,14.23
climbing wall gym,0,104,0%,15.88
how should a moderate climbing shoe fit,0,104,0%,30.06
where to climb indoors,0,103,0%,14.81
sport climbing gym,0,103,0%,15.03
5.11c to french,0,101,0%,2.87
5.12a to french,0,101,0%,4.61
average climbing gym drop-in fee us,0,101,0%,7.96
hyperion gym,0,101,0%,7.98
rock climbing appleton,0,101,0%,11.5
climbing facility,0,101,0%,15.1
climbing fitness gym,0,100,0%,16.62
rock climbing reno,0,96,0%,67.5
indoor bouldering center,0,95,0%,13.57
climb at the loop,0,94,0%,5.73
climbing gym with fitness classes,0,94,0%,8.68
best bouldering gym,0,94,0%,12.93
beginner bouldering gym,0,93,0%,16.15
hyperion climbing gym,0,92,0%,8.6
climbing and fitness center,0,92,0%,13.1
top rated climbing gyms,0,90,0%,9.93
5.13d climbing grade,0,88,0%,2.98
bouldering gym day pass,0,88,0%,14.19
bouldering facility,0,87,0%,13.3
indoor climbing lessons,0,87,0%,13.85
the pad goleta,0,85,0%,8.47
climbing center,0,85,0%,14.54
odyssey climbing,0,84,0%,11.46
best climbing gym,0,84,0%,13.12
v grade to font,0,82,0%,5.27
rocknasium,0,82,0%,8.24
horizon climbing champaign,0,82,0%,8.34
horizon climbing,0,82,0%,8.71
the pad binghamton,0,82,0%,9.22
movement fort worth rock climbing,0,82,0%,9.85
what to wear rock climbing gym,0,82,0%,20.34
lead climbing gym,0,81,0%,14.77
rock climbing gym near me,0,81,0%,25.28
6a to v scale,0,80,0%,15.22
"mw climbing, rock climbing gym, lincoln",0,79,0%,3.1
"onsight rock gym, rock climbing gym, knoxville",0,79,0%,10.71
"adventus climbing, rock climbing gym, toledo",0,78,0%,10.47
the notch climbing gym,0,77,0%,11.42
indoor climbing membership,0,77,0%,15.81
5.15 d to french,0,76,0%,2.7
indoor climbing wall,0,75,0%,29.25
what to wear rock climbing indoors,0,74,0%,4.69
climbing gym memberships,0,74,0%,15.07
font scale to v scale,0,72,0%,7.43
v5 to french grade,0,71,0%,6.39
rockreation costa mesa,0,71,0%,6.77
climbing gym appleton,0,71,0%,7.51
bouldering grades conversion,0,71,0%,16.85
average climbing gym drop-in fee us 2023,0,70,0%,4.49
bouldering gym memberships,0,70,0%,14.74
campus recreation and intramurals - gsucampusrec statesboro,0,69,0%,10.49
odyssey climbing appleton,0,69,0%,10.58
"climbing new heights, rock climbing gym, martinsburg",0,67,0%,7.42
what to wear rock climbing,0,67,0%,54.33
v to font scale,0,66,0%,5.36
recreate butte mt,0,66,0%,7.08
"cirque climbing, rock climbing gym, lacey",0,66,0%,10.12
5.11 climbing grade to french,0,65,0%,1.55
basecamp rapid city,0,65,0%,29.38
rock climbing wall,0,65,0%,32.25
brevard rock gym,0,64,0%,7.77
rock climbing columbus indiana,0,64,0%,8.11
dogpatch boulders hours,0,64,0%,8.58
climbing gym rapid city,0,64,0%,11.25
7a to v scale,0,64,0%,19.98
odyssey climbing fitness,0,63,0%,15.65
west wall cafe,0,62,0%,6.63
"river rock climbing, gym/physical fitness center, roanoke",0,62,0%,9.19
"upward ninja and bouldering, gym/physical fitness center, siloam springs",0,62,0%,10.63
"the climbing place, rock climbing gym, fayetteville",0,61,0%,10.48
boulder grades conversion,0,61,0%,13.31
"volta climbing and fitness, rock climbing gym, trenton",0,61,0%,15.2
what is 5.9 equivalent to in bouldering,0,61,0%,40.34
what to wear to go indoor climbing,0,60,0%,9.48
climbing gym charleston,0,60,0%,9.58
"the climbing gym at tumblebees, rock climbing gym, greensboro",0,60,0%,11.85
bouldering grade conversion,0,60,0%,12.5
"odyssey climbing fitness, rock climbing gym, ashwaubenon",0,59,0%,5.25
bouldering gym with gym equipment,0,59,0%,8.02
"riverfront rock gym, rock climbing gym, wenatchee",0,59,0%,8.1
"climb tulsa, rock climbing gym, tulsa",0,59,0%,13.34
rock climbing indoors,0,59,0%,16.85
rock climbing lincoln ne,0,58,0%,7.28
"rapp rocks climbing gym, rock climbing gym, fredericksburg",0,58,0%,10.1
"first ascent peoria, rock climbing gym, peoria",0,58,0%,15.93
the edge clifton park,0,57,0%,8.53
family bouldering gym,0,57,0%,11.93
"high point climbing and fitness memphis, rock climbing gym, memphis",0,57,0%,14.54
6c to v scale,0,57,0%,15.89
"the pad climbing binghamton, rock climbing gym, vestal",0,56,0%,10.82
rock climbing wall orlando,0,56,0%,50.04
v8 to font,0,55,0%,6.33
what to wear to a climbing gym,0,55,0%,15.16
boulder gym,0,55,0%,22.84
rock climbing in orlando,0,55,0%,56.42
5.11 in french grade,0,54,0%,3.56
"firsthand climbing, rock climbing spot, winston-salem",0,54,0%,9.72
boulder grade conversion,0,53,0%,10.98
"roca climbing & fitness, rock climbing gym, rochester",0,53,0%,11.98
"north summit climbing gym, rock climbing gym, wind gap",0,53,0%,12.08
"climb nulu, rock climbing gym, louisville",0,53,0%,13.23
family climbing gym,0,53,0%,15.23
climbing conversion chart,0,53,0%,73.47
shift climbing reviews,0,52,0%,6.83
steamboat climbing collective,0,52,0%,8.98
"columbus rocks climbing and fitness, rock climbing gym, columbus",0,52,0%,10.23
rock climbing orlando,0,52,0%,46.71
what to wear for indoor rock climbing,0,51,0%,5.61
"reach climbing and fitness, gym/physical fitness center, bridgeport",0,51,0%,7.29
"hi-line climbing center, rock climbing gym",0,51,0%,9.1
"como rocks, rock climbing gym, columbia",0,51,0%,12.8
"minneapolis bouldering project, rock climbing gym, minneapolis",0,51,0%,13.73
indoor rock climbing orlando,0,51,0%,43.94
climbing gym lincoln ne,0,50,0%,6.92
climbing gym redwood city,0,50,0%,7.04
"sender one playa vista address: 12775 w millennium suite 4-140a los 
angeles, ca 90094 united states",0,50,0%,9.62
"the edge rock gym, rock climbing gym, jacksonville",0,50,0%,12.54
indoor climbing gyms near me,0,50,0%,15.24
rock climbing clifton park,0,49,0%,7.59
"rocksport indoor climbing and outdoor guiding service, rock climbing gym, 
queensbury",0,49,0%,11.84
"coeur climbing company, gym/physical fitness center, post falls",0,49,0%,12.98
5.13b to french,0,48,0%,1.73
v grades to font,0,48,0%,4.98
6b to v scale,0,48,0%,9.04
best gear for indoor climbing,0,48,0%,10.17
rock climbing place,0,48,0%,13.48
climbing grades conversion,0,48,0%,43.19
bouldering vs climbing,0,48,0%,50.04
"climb at blue ridge, rock climbing gym, taylors",0,47,0%,7.79
ogden climbing gym,0,47,0%,9.26
the pad vestal,0,47,0%,11.06
climbing gym huntsville al,0,47,0%,11.34
"high point climbing and fitness, gym/physical fitness center, chattanooga",0,47,0%,13.45
rock climbing clothes what to wear,0,47,0%,61.6
5.12 to french,0,46,0%,1.59
"ascend erie, rock climbing gym, erie",0,46,0%,10.04
"central rock glastonbury, rock climbing gym, glastonbury",0,46,0%,11.98
bouldering gyms near me,0,46,0%,14.35
"climb so ill, rock climbing gym",0,46,0%,17.48
climbing classes,0,45,0%,14.38
"adrenaline climbing, rock climbing gym, suwanee",0,45,0%,14.44
"the source climbing center, rock climbing gym, vancouver",0,45,0%,14.98
bouldering vs rope climbing,0,45,0%,22.31
5.10d to french,0,44,0%,3.2
5.12d to french,0,44,0%,4.93
"apex climbing gym, rock climbing gym, mishawaka",0,44,0%,6.75
rockreation,0,44,0%,7.25
appleton climbing gym,0,44,0%,8.73
"recreate fitness, gym/physical fitness center, butte",0,44,0%,11.52
"central rock syracuse, rock climbing gym, syracuse",0,44,0%,13.95
climbing training gym,0,44,0%,16.95
"redpoint climbing center bg, sports & recreation, bowling green",0,44,0%,17.36
rock climbing durham nc,0,44,0%,35.34
planet rock climbing gym grand rapids reviews,0,43,0%,6.95
"evo rock fitness portland, rock climbing gym, portland",0,43,0%,7.63
apex climbing gym photos,0,43,0%,8.84
"the proving ground, rock climbing gym, bloomington",0,43,0%,9
"blockhouse bouldering gym, sports & recreation, the plains",0,43,0%,10.07
climbing wall appleton,0,43,0%,14.88
"triangle rock club - fayetteville, rock climbing gym, fayetteville",0,43,0%,15.74
top rope climbing gym,0,43,0%,16.81
"climb youngstown, rock climbing gym, youngstown",0,43,0%,18.93
what to wear when rock climbing,0,43,0%,55.47
yds to french grades,0,42,0%,8.81
turner hall climbing gym,0,42,0%,9.05
climbing gym charleston sc,0,42,0%,9.26
charleston climbing gym,0,42,0%,9.52
climbing hiit classes,0,42,0%,9.81
"alaska rock gym, rock climbing gym, anchorage",0,42,0%,13.9
what to wear to rock climbing gym,0,41,0%,3.29
climbing gym drop-in fees average us,0,41,0%,5.8
table rock gym,0,41,0%,6.83
5.15 d in french,0,41,0%,7.8
kids climbing gym,0,41,0%,11.02
"appalachian bouldering center, rock climbing gym, bristol",0,41,0%,11.22
"hoosier heights indianapolis, rock climbing gym, carmel",0,41,0%,12.46
climbing gym overland park,0,41,0%,16.9
"rokc climbing gym, rock climbing gym, north kansas city",0,41,0%,17.24
"odyssey climbing + fitness, rock climbing gym, ashwaubenon",0,40,0%,5.3
gold crush climbing,0,40,0%,7.28
mw climbing lincoln ne,0,40,0%,7.88
mw climbing photos,0,40,0%,8.05
rock climbing redwood city,0,40,0%,9.38
"southern stone indoor climbing, rock climbing gym, lafayette",0,40,0%,9.47
"rising up rock gym, rock climbing gym, medina",0,40,0%,10.35
the spot bouldering gym,0,40,0%,10.9
#gravityvault,0,40,0%,13.62
"projectrock, rock climbing gym, oakland park",0,40,0%,14.3
bouldering wall gym,0,40,0%,15.38
indoor climbing wall wisconsin,0,40,0%,53.1
irock ogden,0,39,0%,2.03
the notch climbing gym lebanon nh,0,39,0%,5.38
"climb nittany, gym/physical fitness center, boalsburg",0,39,0%,7.74
mw climbing hours,0,39,0%,7.92
hyperion redwood city,0,39,0%,9
"latitude climbing fitness, rock climbing gym",0,39,0%,13.15
rock climbing sioux falls,0,39,0%,17.79
rock climbing omaha,0,39,0%,29.67
gym in newberg or,0,39,0%,33.36
whats bouldering,0,38,0%,1.84
5.13 to french,0,38,0%,2.61
bloc garten reviews,0,38,0%,5.76
v6 to font,0,38,0%,6.11
v5 in font,0,38,0%,6.76
"send it climbing gym, rock climbing gym, norfolk",0,38,0%,7.05
capital climbing cayce reviews,0,38,0%,9.95
omaha climbing gym,0,38,0%,11.97
bouldering classes,0,38,0%,15.68
"cityrock, rock climbing gym, colorado springs",0,38,0%,18.58
indoor climbing outfit,0,38,0%,18.58
boulder gyms,0,38,0%,26.71
climbing grade conversion,0,38,0%,56.29
rock climbing miami,0,38,0%,61.58
bouldering meaning,0,38,0%,65.58
climbing gym grass valley,0,37,0%,6.59
"rock mill climbing yoga & fitness, rock climbing gym, akron",0,37,0%,12.14
"ascension rock club, rock climbing spot, fairbanks",0,37,0%,13.35
"scrapyard climbing collective, rock climbing gym, holland",0,37,0%,16.41
"impact gymnastics, gymnastics center, overland park",0,37,0%,17
climbing gyms pittsburgh,0,37,0%,20.97
"stonetree climbing center, rock climbing gym, helena",0,36,0%,5.97
"nh climbing & fitness, rock climbing gym, concord",0,36,0%,7.31
"green mountain rock climbing center, rock climbing gym, rutland (city)",0,36,0%,7.33
lawrence climbing gym,0,36,0%,8.19
grand junction climbing gym,0,36,0%,9.53
cultivate climbing foundry,0,36,0%,9.67
"frontier climbing, rock climbing gym, sioux falls",0,36,0%,9.89
"niagara climbing center, rock climbing gym, north tonawanda",0,36,0%,13.22
9a to v scale,0,36,0%,13.25
"elev8 climbing gym, sports & recreation, traverse city",0,36,0%,18.33
city bouldering yoga class price,0,35,0%,5.34
4th ascent ellensburg,0,35,0%,6.49
"pure bouldering gym, rock climbing gym, colorado springs",0,35,0%,7.09
the gravity vault,0,35,0%,9
"uptown climbing, rock climbing gym, baton rouge",0,35,0%,9.31
"triangle rock club - durham, gym/physical fitness center, durham",0,35,0%,12
first ascent climbing,0,35,0%,13.11
"peak experiences indoor rock climbing center, rock climbing gym",0,35,0%,15.69
"climb iowa, recreation center",0,35,0%,15.97
sioux falls rock climbing,0,35,0%,17.6
8b to v scale,0,35,0%,23.77
climbing wall manchester,0,35,0%,45.43
v5 to font,0,34,0%,3.97
climbing gym steamboat,0,34,0%,7.56
"crimper's climbing, rock climbing gym, christiansburg",0,34,0%,7.62
climbing gym ogden,0,34,0%,8
5.13d in french grade,0,34,0%,8.03
rock climbing framingham,0,34,0%,8.88
climb tacoma reviews,0,34,0%,9.68
ruckus climbing gym reviews,0,34,0%,9.71
northampton athletic club reviews,0,34,0%,10.21
rock climbing new rochelle,0,34,0%,10.82
"rock out climbing gym, rock climbing gym, destin",0,34,0%,11.09
"cultivate climbing, rock climbing gym, asheville",0,34,0%,12.91
"dyno-rock indoor climbing center, rock climbing gym, arlington",0,34,0%,16.53
what shoes to climb with,0,34,0%,33
rock climbing omaha ne,0,34,0%,34.18
8a to v scale,0,34,0%,38
rock climbing in omaha,0,34,0%,43.15
average climbing gym drop-in fee us cities,0,33,0%,4.21
"stone co climbing, rock climbing gym, college station",0,33,0%,5.91
"the rock dump indoor climbing gym, rock climbing gym, juneau",0,33,0%,6
burly bloc,0,33,0%,7.21
climb san juan,0,33,0%,8.42
font to v grade,0,33,0%,8.58
"the edge - halfmoon, rock climbing gym, halfmoon",0,33,0%,8.82
rock climbing byron center,0,33,0%,9.03
"gemstone climbing, sports & fitness instruction, twin falls",0,33,0%,9.21
"adventure rock mke, rock climbing gym, milwaukee",0,33,0%,10.24
"philadelphia rock gyms, rock climbing gym, oaks",0,33,0%,11.21
fargo rock climbing,0,33,0%,11.36
"climb cincy, rock climbing gym, cincinnati",0,33,0%,12.58
"rise up climbing, recreation center, lynchburg",0,33,0%,16.3
"northampton athletic club, gym/physical fitness center, northampton",0,33,0%,18.15
rock climbing omaha nebraska,0,33,0%,28.33
indoor climbing orlando,0,33,0%,33.7
orlando indoor rock climbing,0,33,0%,34.73
climbing wall in georgia,0,33,0%,57.36
climbing wall in wisconsin,0,33,0%,65.52
5.15d to french,0,32,0%,5.22
5.11 to french grade,0,32,0%,5.5
v6 in font,0,32,0%,9.19
"shift climbing, gym/physical fitness center, holland",0,32,0%,10
"alchemy climbing, rock climbing gym, tallahassee",0,32,0%,10.94
"inspire rock - lubbock, rock climbing gym, lubbock",0,32,0%,12.53
"triangle rock club - morrisville, rock climbing gym, morrisville",0,32,0%,14
"planet rock climbing gym, sports & fitness instruction",0,32,0%,18.09
rock climbing gym orlando,0,32,0%,44.34
rock climbing clothes indoor,0,32,0%,44.59
climbing wall near georgia,0,32,0%,56.81
climbing wall illinois,0,32,0%,65.28
climbing wall near north carolina,0,32,0%,80.56
5.12c to french,0,31,0%,1.13
"climbnasium inc, rock climbing gym, mechanicsburg",0,31,0%,7.84
rock climbing mishawaka,0,31,0%,8.16
climbing gym goleta,0,31,0%,8.29
"12775 w millennium suite 4-140a los angeles, ca 90094 united states",0,31,0%,8.42
"endurance climbing, rock climbing gym, burlington",0,31,0%,8.61
"adventure rock brookfield, rock climbing gym, brookfield",0,31,0%,9.48
"climb time oakley, rock climbing spot, cincinnati",0,31,0%,9.84
rock climbing brookline,0,31,0%,10.03
sioux falls climbing gym,0,31,0%,10.35
"the gravity vault, rock climbing gym, radnor",0,31,0%,11.45
sbp udistrict location,0,31,0%,14.32
"brooklyn boulders west loop, rock climbing gym",0,31,0%,14.9
rock climbing in sioux falls sd,0,31,0%,17.29
cultivate climbing,0,31,0%,17.94
gold crush,0,31,0%,19.52
climbing wall near appleton,0,31,0%,20.26
rock wall climbing omaha,0,31,0%,35.19
rock climbing classes omaha,0,31,0%,35.9
indoor climbing wall north carolina,0,31,0%,56.94
climbing wall in north carolina,0,31,0%,72.13
nyc rock climbing,0,31,0%,81.39
"hoosier heights bloomington, rock climbing gym, bloomington",0,30,0%,7.93
rox climbing gym orlando address,0,30,0%,8.93
rock climbing brunswick ga,0,30,0%,9.27
"black hills basecamp, rock climbing gym, rapid city",0,30,0%,9.77
climbing gym erie pa,0,30,0%,10.5
odyssey climbing + fitness,0,30,0%,12.07
gravity vault princeton nj,0,30,0%,14
"inner peaks south end, rock climbing gym, charlotte",0,30,0%,17.63
indoor climbing wall madison,0,30,0%,24.03
wall climbing outfit,0,30,0%,61.63
indoor climbing clothing,0,30,0%,74.9
5.11a to french,0,29,0%,3
5.9 climbing grade to french,0,29,0%,3.17
average climbing gym membership cost us,0,29,0%,4.86
v4 to font,0,29,0%,4.97
5.12 in french grades,0,29,0%,5.45
scratch pad bountiful,0,29,0%,6.17
redwood city climbing gym,0,29,0%,7.28
shift climbing holland,0,29,0%,8
the pad sb hours,0,29,0%,8.66
rock climbing malden,0,29,0%,9.45
"iron city boulders, rock climbing gym, pittsburgh",0,29,0%,10.97
indoor climbing st. augustine,0,29,0%,11.93
"elite climbing llc, rock climbing gym, maple shade",0,29,0%,13.03
maui rock climb gym,0,29,0%,13.28
indoor climbing wall nebraska,0,29,0%,36.03
kids rock climbing omaha,0,29,0%,46.69
indoor climbing wall illinois,0,29,0%,62.31
rock climbing outfits,0,29,0%,72.14
rock climbing college station,0,28,0%,8.79
odyssey rock climbing,0,28,0%,9.64
rockzilla photos,0,28,0%,9.64
"the quarry indoor climbing center, recreation center, provo",0,28,0%,9.79
capital city climbing,0,28,0%,10.14
rock climbing lakewood,0,28,0%,10.21
climbing gym toledo,0,28,0%,10.29
"vertical view climbing gym, rock climbing gym, meridian",0,28,0%,10.43
"fort rock climbing center, rock climbing gym, fort myers",0,28,0%,10.46
climbing gym columbia mo,0,28,0%,10.57
v scale to french,0,28,0%,12.68
dogpatch boulders,0,28,0%,12.82
"stone age climbing gym, rock climbing gym",0,28,0%,13.25
sender one lakewood,0,28,0%,13.43
new climbing gyms,0,28,0%,14.75
"high point climbing and fitness birmingham, rock climbing gym, birmingham",0,28,0%,17.43
climbing walls indoor parties,0,28,0%,29.18
climbing gym boulder,0,28,0%,61.07
vertical dreams manchester nh tallest wall,0,27,0%,6.33
"climb tacoma, gym/physical fitness center, tacoma",0,27,0%,6.78
"on the rocks, rock climbing gym, elyria",0,27,0%,7.37
the crag heber,0,27,0%,7.74
goleta climbing gym,0,27,0%,7.96
gravity vault princeton reviews,0,27,0%,8.63
dogpatch boulders reviews,0,27,0%,8.85
"bigfoot climbing gym, gym/physical fitness center, morganton",0,27,0%,9.07
"coastal climbing, rock climbing gym, charleston",0,27,0%,9.41
rock climbing gym membership,0,27,0%,10.3
climbing gym membership,0,27,0%,10.41
rock climbing greeley,0,27,0%,10.52
"central rock buffalo, rock climbing gym, buffalo",0,27,0%,11.26
"climb kalamazoo, rock climbing spot, kalamazoo",0,27,0%,12.07
"movement englewood, rock climbing gym, englewood",0,27,0%,12.41
"climb, rock climbing gym, bentonville",0,27,0%,12.52
the pad climbing,0,27,0%,13.56
indoor rock climbing gym franchise,0,27,0%,15.11
best rock climbing gyms franchise,0,27,0%,33.52
rock climbing rapid city,0,27,0%,39.63
climbing manchester,0,27,0%,43.44
rock climbing in nyc,0,27,0%,68.52
nyc climbing gym,0,27,0%,85.41
5.13c to french,0,26,0%,1.73
latitude climbing prices,0,26,0%,3.92
vscale to font,0,26,0%,4.62
horizon climbing reviews,0,26,0%,5.15
hyperion climbing hours,0,26,0%,7.19
rock climbing homewood,0,26,0%,7.65
what to wear indoor climbing,0,26,0%,7.85
how to improve climbing technique,0,26,0%,8.35
odyssey climbing and fitness reviews,0,26,0%,9.23
climbing gym chico,0,26,0%,9.27
climbzone mall of america reviews,0,26,0%,9.5
bratt cave,0,26,0%,9.73
v5 grade conversion,0,26,0%,9.73
rock climbing wall rentals keene,0,26,0%,9.88
"first ascent avondale, rock climbing gym, chicago",0,26,0%,11.5
indoor rock climbing gym,0,26,0%,13.19
"epic climbing and fitness, rock climbing gym, indianapolis",0,26,0%,15.35
"central rock rochester, rock climbing gym, rochester",0,26,0%,15.85
climb toledo,0,26,0%,16.08
indoor climbing near me,0,26,0%,16.12
the jug rock gym,0,26,0%,16.38
climbing walls close by,0,26,0%,21.62
rock climbing gym omaha,0,26,0%,27.38
rock climbing rapid city sd,0,26,0%,32
french climbing grades,0,26,0%,51.73
rock climbing bouldering,0,26,0%,52.35
define bouldering,0,26,0%,52.54
rock climbing outfit,0,26,0%,53.77
nyc rock climbing gym,0,26,0%,66.69
5.14c to french,0,25,0%,1.44
v to font grade,0,25,0%,5.8
rock climbing lakewood ca,0,25,0%,6.44
rock climbing plainsboro,0,25,0%,7.08
gold rush climbing gym,0,25,0%,7.64
horizon climbing gym,0,25,0%,7.88
rock climbing cleveland tn,0,25,0%,8.12
"whetstone climbing, rock climbing gym, fort collins",0,25,0%,8.76
climbing gym lynnwood,0,25,0%,9.16
recwell climbing,0,25,0%,9.48
climbing gym sioux falls,0,25,0%,9.68
climbnasium reviews,0,25,0%,9.8
odyssey appleton,0,25,0%,10.04
climbing gym san marcos,0,25,0%,10.72
umn climbing gym,0,25,0%,11.44
hillsboro rock gym,0,25,0%,12.12
bouldering gym near me,0,25,0%,12.24
"armadillo boulders, rock climbing gym, san antonio",0,25,0%,12.44
"vertical endeavors - minneapolis, rock climbing gym",0,25,0%,14.48
"stratus climbing yoga and fitness, rock climbing gym",0,25,0%,15.16
"fargo climbing, sports & recreation, fargo",0,25,0%,16.88
franchise rock climbing gyms,0,25,0%,18.12
rock climbing sioux falls sd,0,25,0%,19.64
climbing walls parties,0,25,0%,19.8
is bouldering harder than rock climbing,0,25,0%,26.12
climb nashville,0,25,0%,29.52
rapid city rock climbing,0,25,0%,39.52
indoor climbing wall georgia,0,25,0%,43
approach rock climbing omaha,0,25,0%,49.32
rock climbing st george utah,0,25,0%,64.6
rock climbing burlington wi,0,24,0%,3
5.14d to french,0,24,0%,3.46
5.13a in french,0,24,0%,4.08
what to wear climbing gym,0,24,0%,5
odyssey climbing + fitness reviews,0,24,0%,5.25
the scratch pad bountiful,0,24,0%,5.71
"stone co. climbing, rock climbing gym, college station",0,24,0%,5.96
recreate climbing gym,0,24,0%,6.58
kansas cliff club,0,24,0%,7.21
font grade to v grade,0,24,0%,7.33
what to wear for rock climbing indoors,0,24,0%,8.21
"sender one playa vista 12775 w millennium suite 4-140a los angeles, ca 
90094 united states",0,24,0%,10.21
climbing gym grand junction,0,24,0%,10.88
"active climbing - athens ga, gym/physical fitness center, athens",0,24,0%,12.33
first ascent avondale climbing,0,24,0%,14.5
fargo climbing,0,24,0%,17.88
what is bouldering climbing,0,24,0%,20.42
indoor climbing wall peoria,0,24,0%,30.75
8b to v grade,0,24,0%,34.29
rock climbing manchester,0,24,0%,43.96
climbing wall wisconsin,0,24,0%,67.33
indoor rock climbing for beginners,0,24,0%,78.38
v5 in font grades,0,23,0%,5.13
6a climbing grade to v,0,23,0%,5.96
firsthand climbing reviews,0,23,0%,5.96
climbing gym drop-in fees average 2023,0,23,0%,6.13
mwclimbing,0,23,0%,6.52
turner hall rock climbing,0,23,0%,7.74
rock climbing grass valley,0,23,0%,7.83
hyperion climbing photos,0,23,0%,7.87
hyperion rock climbing,0,23,0%,7.91
clifton park rock climbing,0,23,0%,8.39
v4 in font,0,23,0%,8.39
framingham rock climbing,0,23,0%,9.26
boulder union new bedford,0,23,0%,9.43
rock climbing membership,0,23,0%,9.48
"lef climbing, rock climbing gym, lexington",0,23,0%,9.61
"vertical world north, gym/physical fitness center, lynnwood",0,23,0%,10.17
climbing gym san antonio,0,23,0%,16.22
7a in v scale,0,23,0%,22.35
8a+ to v scale,0,23,0%,30.83
climbing wall for kids omaha,0,23,0%,34.48
rock wall climbing omaha ne,0,23,0%,40.13
climbing st george,0,23,0%,68.57
5.10c to french,0,22,0%,2.05
5.9 in french grade,0,22,0%,5.27
bouldering vs top rope,0,22,0%,5.32
city bouldering yoga price,0,22,0%,5.59
"new jersey rock gym, rock climbing gym, fairfield",0,22,0%,5.82
rendezvous gym,0,22,0%,7.32
redpoint climbing center prices,0,22,0%,8.82
rock climbing ellensburg,0,22,0%,8.86
movement climbing gym,0,22,0%,9.82
dover climbing gym,0,22,0%,10
"rockville climbing center (hamilton nj), rock climbing gym",0,22,0%,10.23
adventus climbing reviews,0,22,0%,10.36
uptown first ascent,0,22,0%,10.73
las rocas climbing gym,0,22,0%,11.55
rocknasium hours,0,22,0%,11.64
"the gravity vault, rock climbing gym, poughkeepsie",0,22,0%,12.82
"boulders & brews, rock climbing gym, fayetteville",0,22,0%,13.09
climbing gym with weightlifting,0,22,0%,13.23
hangar 18 rancho latest,0,22,0%,13.23
climbing wall for kids appleton,0,22,0%,15.64
rock climbing milltown,0,22,0%,16.45
indoor climbing st. george,0,22,0%,17.55
"momentum indoor climbing silver street, rock climbing gym, houston",0,22,0%,17.82
omaha rock climbing gym,0,22,0%,27.77
7b to v scale,0,22,0%,30.05
indoor climbing wall omaha,0,22,0%,38.73
indoor climbing wall tennessee,0,22,0%,61.86
climbing wall in illinois,0,22,0%,62.05
st george rock climbing,0,22,0%,73.86
5.15b in french grade,0,21,0%,5.29
grip bouldering grand junction,0,21,0%,6.76
indoor rock climbing clifton park,0,21,0%,7.62
plainsboro rock climbing,0,21,0%,8.52
rock climbing hillsboro,0,21,0%,8.71
lakewood climbing gym,0,21,0%,9.19
rock climbing malvern pa,0,21,0%,9.29
movement gym,0,21,0%,10.1
"summit city climbing co., rock climbing gym, fort wayne",0,21,0%,10.86
vestal rock climbing,0,21,0%,10.86
milton rock climbing gym,0,21,0%,11.1
the block reno,0,21,0%,11.19
climbing gym culver city,0,21,0%,11.24
climbing gym prices,0,21,0%,11.62
the gravity vault princeton latest,0,21,0%,11.62
"big island bouldering, rock climbing gym, plymouth",0,21,0%,12.24
mw climbing latest,0,21,0%,14.1
"the gravity vault, rock climbing gym, voorhees",0,21,0%,14.19
"shaker rocks, rock climbing gym, shaker heights",0,21,0%,15.38
minneapolis bouldering project climbing,0,21,0%,15.95
rock climbing in tempe,0,21,0%,17.29
7c to v scale,0,21,0%,30.38
7a boulder to v,0,21,0%,43.1
rock climbing st george ut,0,21,0%,79.62
indoor rock climbing nyc,0,21,0%,94.29
5.13 in french grade,0,20,0%,4.05
the loop rock climbing,0,20,0%,4.25
"read the passage. indoor bouldering is a type of rock climbing that is done 
freestyle. this means that climbers go up a wall using just their hands and 
feet, with safety padding on the ground beneath them. over the past several 
years, the sport has grown in popularity. one reason is because it provides 
a whole-body workout, activating both core strength and mental focus. 
bouldering is also social. climbing culture encourages participants to 
study bouldering problems together and support each other in climbing 
safely. what is the main, or central, idea of the passage?",0,20,0%,5
burlington rock climbing,0,20,0%,5.8
v17 in font,0,20,0%,6
rockreation hours,0,20,0%,6.2
gold country climbing gym,0,20,0%,6.55
mw rock climbing,0,20,0%,6.6
"terrain park climbing center, rock climbing gym, chico",0,20,0%,7.15
shift climbing gym,0,20,0%,7.5
"brevard rock gym, rock climbing gym, brevard",0,20,0%,7.6
rock climbing milton pa,0,20,0%,7.85
"ascent studio climbing & fitness, rock climbing gym, fort collins",0,20,0%,8.1
rock climbing goleta,0,20,0%,9.45
climb nashville west latest,0,20,0%,9.75
space city rock climbing latest,0,20,0%,10.25
rock climbing westbury,0,20,0%,10.3
font to yds,0,20,0%,10.45
rock climbing brick nj,0,20,0%,10.65
"gadrock, rock climbing gym, gadsden",0,20,0%,11.2
the district sa,0,20,0%,11.6
"dyno detroit, rock climbing gym, detroit",0,20,0%,11.95
"vertical endeavors - bloomington, rock climbing gym, bloomington",0,20,0%,12.65
indoor rock climbing outfit,0,20,0%,14
dallas bouldering gym hours and pricing,0,20,0%,14.35
recreate gym,0,20,0%,14.5
7a to yds,0,20,0%,14.6
indoor climbing santa cruz,0,20,0%,15.75
indoor rock climbing santa cruz,0,20,0%,15.95
"goat fort climbing, rock climbing gym",0,20,0%,16.55
what to wear climbing indoors,0,20,0%,24.35
indoor rock climbing attire,0,20,0%,26.75
climbing wall for kids madison,0,20,0%,26.95
shift climbing,0,20,0%,27.05
climbing wall in raleigh,0,20,0%,33.4
climbing grades converter,0,20,0%,36.3
8c+ to v scale,0,20,0%,53.5
climbing wall near wisconsin,0,20,0%,54.85
climbing wall near illinois,0,20,0%,66.25
gym memberships in arlington heights il,0,20,0%,72.05
indoor climbing wall florida,0,20,0%,84.95
5.9 to french grade,0,19,0%,3
5.13 a to french,0,19,0%,3.42
what to wear indoor bouldering,0,19,0%,4.16
5.10a to french,0,19,0%,4.53
"elevation rock gym, rock climbing gym, north logan",0,19,0%,5.11
tumblebees,0,19,0%,6.58
grass valley climbing gym,0,19,0%,7.26
grip climbing gym,0,19,0%,7.53
sender one climbing and sender city - lakewood,0,19,0%,7.63
chambers purely boulders latest,0,19,0%,7.68
"the peak climbing gym, rock climbing gym, fremont",0,19,0%,8.47
movement climbing,0,19,0%,9.21
tomo bouldering club reviews,0,19,0%,9.58
5.12d in french,0,19,0%,10.11
cayce climbing gym,0,19,0%,10.74
aloha rock gym latest,0,19,0%,10.89
boulder union,0,19,0%,12.79
"warehouse climbing co, rock climbing gym, goshen",0,19,0%,13.11
youth bouldering programs,0,19,0%,13.32
climbing roots knoxville latest,0,19,0%,13.95
movement gowanus latest,0,19,0%,14.37
climbing gym beginner,0,19,0%,14.47
rock climbing facilities near me,0,19,0%,15.95
reno climbing gym,0,19,0%,17
agility climbing gym capitola,0,19,0%,17.58
"portland rock gym, rock climbing gym, portland",0,19,0%,17.95
rock climbing overland park,0,19,0%,20.37
7b+ to v scale,0,19,0%,27.21
los angeles bouldering classes,0,19,0%,28.74
6c+ to v,0,19,0%,38.74
8a in v scale,0,19,0%,39.58
climbing wall in omaha,0,19,0%,39.84
rock climbing salt lake city,0,19,0%,42.63
climbing scale conversion,0,19,0%,52.32
8c to v scale,0,19,0%,55.63
rock climbing slc,0,19,0%,58.37
rock climbing birmingham,0,19,0%,66.26
climbing birmingham,0,19,0%,71.21
climbing wall for kids wisconsin,0,19,0%,76.58
5.10 climbing grade to french,0,18,0%,4.94
columbus rock gym,0,18,0%,4.94
cultivate climbing - foundy asheville,0,18,0%,6.56
great western power company climbing gym oakland,0,18,0%,6.56
24 hour rock climbing gym,0,18,0%,6.78
apex climbing gym reviews,0,18,0%,6.83
climbing gym mishawaka,0,18,0%,7.06
"maine bound adventure center, rock climbing gym, orono",0,18,0%,7.33
5.13d in french,0,18,0%,7.89
"grip bouldering, rock climbing gym, grand junction",0,18,0%,8.11
climb cincy reviews,0,18,0%,8.28
bloc climbing gym,0,18,0%,8.33
brattcave,0,18,0%,8.33
table rock bouldering,0,18,0%,8.44
climbing gym mechanicsburg pa,0,18,0%,8.94
"mesa rim climbing & fitness reno, rock climbing gym, reno",0,18,0%,9.17
climbing gym milwaukee,0,18,0%,9.22
how many climbing gyms in the us,0,18,0%,9.28
climbing gym huntsville,0,18,0%,9.44
rock climbing indoor,0,18,0%,9.61
"rock climb fairfield, gym/physical fitness center, fairfield",0,18,0%,9.78
el paso climbing gym,0,18,0%,10
rock climbing lawrence ks,0,18,0%,10
rock climbing binghamton,0,18,0%,10.17
vital les latest,0,18,0%,10.61
climbing gym franklin tn,0,18,0%,10.67
culver city climbing gym,0,18,0%,10.78
providence climbing gym,0,18,0%,11.22
"central rock atlanta, rock climbing gym, atlanta",0,18,0%,12.11
rock climbing indoor outfit,0,18,0%,12.17
"rock mill climbing, yoga & fitness, rock climbing gym, akron",0,18,0%,12.33
"movement gyms san francisco, rock climbing gym, san francisco",0,18,0%,15.22
coastal climbing gym,0,18,0%,15.72
"central rock hadley, rock climbing gym, hadley",0,18,0%,16.22
climbing walls indoor,0,18,0%,17.44
sender one lakewood community,0,18,0%,17.5
climbing wall for kids peoria,0,18,0%,22.94
8b boulder to v scale,0,18,0%,26.67
what to wear bouldering,0,18,0%,26.78
8b+ to v scale,0,18,0%,28.44
7b in v scale,0,18,0%,28.61
indoor climbing wall nashville,0,18,0%,30.61
what to wear rock climbingï¿½,0,18,0%,44.39
climbing costs,0,18,0%,45.28
climbing wall near iowa,0,18,0%,49.17
dedicated bouldering centre chatham,0,18,0%,49.28
what is bouldering?,0,17,0%,3.18
average climbing gym drop-in fee us 2024,0,17,0%,4.12
5.12 to french grade,0,17,0%,4.29
v10 to font,0,17,0%,4.53
odyssey climbing appleton hours,0,17,0%,7.71
climbing gym lawrence ks,0,17,0%,7.88
5.15d in french,0,17,0%,7.94
bishop climbing gym,0,17,0%,8.06
st. augustine climbing gym,0,17,0%,8.06
boulder dash westlake,0,17,0%,8.35
"climb iowa, rock climbing gym",0,17,0%,8.35
"the edge rock gym - melbourne, rock climbing gym, melbourne",0,17,0%,8.35
rock climbing gym st. augustine,0,17,0%,8.59
climbing gym alexandria va,0,17,0%,9.06
6b in v grade,0,17,0%,9.41
"black rock bouldering gym, rock climbing gym, phoenix",0,17,0%,9.41
french to yds,0,17,0%,9.65
climbing gym peachtree city,0,17,0%,9.76
advanced climbing classes,0,17,0%,10.06
"warehouse climbing co., rock climbing gym, goshen",0,17,0%,11.24
lakewood rock climbing,0,17,0%,11.59
rock climbing st. augustine,0,17,0%,11.82
the block climbing reno,0,17,0%,11.94
"daytona climbing company, gym/physical fitness center, south daytona",0,17,0%,12.24
newark climbing gym,0,17,0%,13.12
rendezvous climbing,0,17,0%,13.24
climbing gyms in reno,0,17,0%,13.53
rock climbing norfolk,0,17,0%,13.65
"high-steppe climbing center, rock climbing gym, yakima",0,17,0%,13.71
indoor climbing wall arlington,0,17,0%,13.94
climbing gym for kids,0,17,0%,14.18
"vertical rock indoor climbing and fitness center, sports & fitness 
instruction, manassas",0,17,0%,14.59
7b boulder to v scale,0,17,0%,15.47
climbing gym pro shop,0,17,0%,16.18
"rokc climbing gym olathe, rock climbing gym, olathe",0,17,0%,19.53
climbing wall peoria,0,17,0%,35.82
indoor climbing wall milltown,0,17,0%,43
rock climbing nebraska,0,17,0%,59.12
5.13 climbing grade to french,0,16,0%,3.38
the scratch pad,0,16,0%,5.5
fourth ascent,0,16,0%,6.12
climbing training classes,0,16,0%,7
the pad santa barbara reviews,0,16,0%,7.12
"the jungle gymnastics adventure center, gymnastics center, delaware",0,16,0%,7.44
#verdigoboulders,0,16,0%,7.56
the spot bouldering gym golden,0,16,0%,7.81
ui climbing center,0,16,0%,7.81
climbing gym st. augustine,0,16,0%,7.88
indoor rock climbing st. augustine,0,16,0%,7.94
beyond the wall climbing hillsboro,0,16,0%,8.31
ninja adventure zone,0,16,0%,8.69
cultivate asheville,0,16,0%,8.81
first ascent uptown photos,0,16,0%,9.12
hyperion gym redwood city,0,16,0%,9.31
the spot golden co,0,16,0%,9.31
climbing gym duluth mn,0,16,0%,9.38
frontier climbing reviews,0,16,0%,9.81
climbing membership,0,16,0%,9.88
sarasota climbing gym,0,16,0%,9.88
the pad hours,0,16,0%,9.94
rock climbing medina,0,16,0%,10.25
hyperion bouldering,0,16,0%,10.5
rock climbing gym tallahassee,0,16,0%,10.56
"oc aerial, gym/physical fitness center, durham",0,16,0%,10.94
climbing gym for beginners,0,16,0%,12.19
framingham ma rock climbing,0,16,0%,12.25
"climb cleveland, rock climbing gym, cleveland",0,16,0%,13
indoor climbing wall morrisville,0,16,0%,13.56
rocknasium davis,0,16,0%,14.31
crux climbing pflugerville latest,0,16,0%,15.19
"approach, rock climbing gym, omaha",0,16,0%,15.88
climbing gym greensboro,0,16,0%,16.5
rock climbing fargo,0,16,0%,16.69
reno climbing gyms,0,16,0%,17.38
gym memberships in northampton massachusetts,0,16,0%,18.06
climbing gyms with auto belay,0,16,0%,18.56
climbing wall near arlington,0,16,0%,18.94
climbing walls near me,0,16,0%,23.69
climbing wall in nashville,0,16,0%,33.25
climbing wall in peoria,0,16,0%,38.44
v scale bouldering,0,16,0%,45.44
indoor rock climbing miami,0,16,0%,53.69
rock climbing vs bouldering,0,16,0%,53.75
climbing wall nebraska,0,16,0%,54.44
climbing miami,0,16,0%,55.75
climbing san diego,0,16,0%,58
salt lake city climbing,0,16,0%,61.06
indoor climbing miami,0,16,0%,68.5
climbing wall for kids north carolina,0,16,0%,84.81
climbing wall north carolina,0,16,0%,89.75
5.10 to french grade,0,15,0%,3
the pad santa barbara prices,0,15,0%,4.33
6b+ to v grade,0,15,0%,5.6
inner peaks noda latest,0,15,0%,5.93
me climbing,0,15,0%,5.93
what to wear when rock climbing indoors,0,15,0%,7.4
homewood rock climbing,0,15,0%,7.67
notch climbing gym,0,15,0%,7.67
climbing gym bremerton,0,15,0%,8.73
font vs v scale,0,15,0%,8.87
indoor rock climbing myrtle beach,0,15,0%,9.13
the pad membership,0,15,0%,9.13
blue swan boulders orlando day pass price,0,15,0%,9.27
charleston sc climbing gym,0,15,0%,9.27
rock climbing appleton wi,0,15,0%,9.6
bremerton climbing gym,0,15,0%,9.8
steamboat climbing gym,0,15,0%,9.8
climbing gym tallahassee,0,15,0%,9.93
v5 to european grade,0,15,0%,10.07
san marcos climbing gym,0,15,0%,11.13
rock climbing in st. augustine,0,15,0%,11.53
st. augustine rock climbing,0,15,0%,11.93
climbing gym tacoma,0,15,0%,12.27
rock climbing wilmington nc,0,15,0%,13.13
malden rock climbing,0,15,0%,13.4
"ascend south side, rock climbing gym, pittsburgh",0,15,0%,13.87
rock climbing oakland park,0,15,0%,13.87
"wilmington rock gym, rock climbing gym, wilmington",0,15,0%,13.87
first ascent block 37 latest,0,15,0%,14.2
climbing gym newark,0,15,0%,14.53
rock climbing class,0,15,0%,14.6
rock climbing napa,0,15,0%,14.6
gravity vault princeton,0,15,0%,14.73
"granite arch climbing center, rock climbing gym, rancho cordova",0,15,0%,14.93
randolph ma rock climbing,0,15,0%,15.67
adult bouldering classes,0,15,0%,15.73
climbing wall for kids morrisville,0,15,0%,16.47
first ascent,0,15,0%,17.07
new rock climbing gym,0,15,0%,17.47
"libby gym, gym/physical fitness center, libby",0,15,0%,17.67
indoor climbing kansas city,0,15,0%,18.13
frontier climbing,0,15,0%,19.33
west hartford ct rock climbing,0,15,0%,19.93
climbing walls venue for kids,0,15,0%,20.07
rock climbing longwood,0,15,0%,20.27
mustangs bouldering,0,15,0%,22.47
climbing wall near omaha,0,15,0%,25.33
sender one playa vista,0,15,0%,26.2
indoor climbing wall albuquerque,0,15,0%,27.2
nearby gym midvale,0,15,0%,28.27
rock climbing tampa,0,15,0%,29.13
indoor climbing wall indiana,0,15,0%,30.33
indoor rock climbing omaha ne,0,15,0%,30.73
indoor ropes course idaho,0,15,0%,30.73
what is a boulderer,0,15,0%,34.8
indoor rock climbing in miami,0,15,0%,35.4
indoor climbing wall oklahoma,0,15,0%,37.4
rock climbing attire,0,15,0%,46.4
salt lake city rock climbing,0,15,0%,48.87
difference between climbing and bouldering,0,15,0%,57.2
indoor climbing grades,0,15,0%,57.67
rock climbing clothes,0,15,0%,63.07
climbing wall miami,0,15,0%,66.67
6a to v,0,14,0%,1.21
5.10b to french,0,14,0%,3.07
"""the bloc climbing"" orlando",0,14,0%,4.93
v9 to font,0,14,0%,5.5
movement mountain view hours,0,14,0%,5.64
4949 lakewood lakewood,0,14,0%,6.07
climbing gym napa,0,14,0%,7.29
first ascent uptown reviews,0,14,0%,7.43
castle climbing club reviews,0,14,0%,7.5
rock climbing gym goleta,0,14,0%,7.57
climbing gyms st. augustine,0,14,0%,7.86
climbing gym rexburg,0,14,0%,7.93
sender city lakewood,0,14,0%,8.07
milton rock climbing,0,14,0%,8.14
hadlock student center,0,14,0%,8.71
rock climbing upland,0,14,0%,9.07
odyssey appleton wi,0,14,0%,9.21
"rogue rock gym, gym/physical fitness center, medford",0,14,0%,9.29
bouldering st. augustine,0,14,0%,9.43
rock climbing gyms near me,0,14,0%,9.5
rexburg climbing gym,0,14,0%,9.64
climb zone mall of america prices,0,14,0%,10
v8 to font grade,0,14,0%,10
climbing collective greeley,0,14,0%,10.07
first ascent uptown hours,0,14,0%,10.07
napa climbing gym,0,14,0%,10.14
hollywood boulders day pass price,0,14,0%,10.29
first ascent uptown latest,0,14,0%,10.36
goleta rock climbing gym,0,14,0%,10.43
odyssey climbing and fitness,0,14,0%,10.43
climbing wall for kids melbourne,0,14,0%,10.64
steamboat springs climbing gym,0,14,0%,10.86
"rock spot climbing wallingford, rock climbing gym, wallingford",0,14,0%,10.93
fargo climbing hours,0,14,0%,11
burlington climbing gym,0,14,0%,11.57
"mosaic climbing, rock climbing gym, loveland",0,14,0%,11.57
rock gym,0,14,0%,12.43
"latitude climbing + fitness, rock climbing gym",0,14,0%,12.57
"life time lakeville, gym/physical fitness center, lakeville",0,14,0%,12.64
rock climbing norfolk va,0,14,0%,12.71
"rocventures climbing gym, rock climbing gym, rochester",0,14,0%,12.93
"movement gyms philly, rock climbing gym",0,14,0%,13.14
climbing gym reno nv,0,14,0%,13.71
rock climbing champaign,0,14,0%,13.71
climbing gym ri,0,14,0%,13.86
climb nashville indoor climbing,0,14,0%,13.93
the edge clifton park ny,0,14,0%,14.5
indoor climbing wall appleton,0,14,0%,15
climbing gym louisville colorado,0,14,0%,16
the pad climbing gym,0,14,0%,16
climbing center near me,0,14,0%,16.29
climbing gyms las vegas,0,14,0%,16.29
hanger 18 arcadia latest,0,14,0%,16.29
ascent climbing gym near me,0,14,0%,16.43
stoneham ma rock climbing,0,14,0%,16.57
climbing wall morrisville,0,14,0%,17.57
climbing gym reno,0,14,0%,17.79
nashville climbing gym,0,14,0%,18.43
bouldering gym asheville,0,14,0%,19
rock climbing providence,0,14,0%,21
climbing wall near meridian,0,14,0%,24.14
nashville climbing gyms,0,14,0%,26.36
climbing wall omaha,0,14,0%,34.86
indoor ropes course appleton,0,14,0%,37.86
7a+ to v scale,0,14,0%,38.14
climbing wall near phoenix,0,14,0%,39.64
climbing wall in littleton,0,14,0%,40.64
rock climbing nashville,0,14,0%,41.57
rock walls near me,0,14,0%,43
first ascent uptown chicago il,0,14,0%,47.5
rock climbing chicago,0,14,0%,49.07
climbing wall in nebraska,0,14,0%,58.14
climbing grading conversion,0,14,0%,58.29
types of bouldering,0,14,0%,60.14
wall climbing miami,0,14,0%,62.5
5.12b to french,0,13,0%,3